2021-11-21,Good Smile Doom Eternal: Doom Slayer Nendoroid Action Figure,93.89,5.99,4.7
2021-11-21,Good Smile Doom Eternal: Doom Slayer Nendoroid Action Figure,93.89,5.99,4.7
2021-11-21,Good Smile Doom Eternal: Doom Slayer Nendoroid Action Figure,93.89,5.99,4.7
2021-11-21,Good Smile Doom Eternal: Doom Slayer Nendoroid Action Figure,93.89,5.99,4.7
2021-11-21,Good Smile Doom Eternal: Doom Slayer Nendoroid Action Figure,93.89,5.99,4.7
2021-11-21,Good Smile Doom Eternal: Doom Slayer Nendoroid Action Figure,93.89,5.99,4.7
2021-11-21,Good Smile Doom Eternal: Doom Slayer Nendoroid Action Figure,93.89,5.99,4.7
2021-11-21,Good Smile Doom Eternal: Doom Slayer Nendoroid Action Figure,93.89,5.99,4.7
2021-11-21,Good Smile Doom Eternal: Doom Slayer Nendoroid Action Figure,93.89,5.99,4.7
2021-11-21,Good Smile Doom Eternal: Doom Slayer Nendoroid Action Figure,93.89,5.99,4.7
2021-11-21,Good Smile Doom Eternal: Doom Slayer Nendoroid Action Figure,93.89,5.99,4.7
2021-11-21,Good Smile Doom Eternal: Doom Slayer Nendoroid Action Figure,93.89,5.99,4.7
2021-11-21,Good Smile Doom Eternal: Doom Slayer Nendoroid Action Figure,93.89,5.99,4.7
